{
    "batch_size": 32,
    "gradient_accumulation_steps": 4,
    "learning_rate": 3.0512834213856276e-05,
    "weight_decay": 0.29960859390770156,
    "epochs": 6,
    "seed": 41
}