{
    "batch_size": 32,
    "gradient_accumulation_steps": 4,
    "learning_rate": 8.199699530158672e-05,
    "weight_decay": 0.29149513464397286,
    "epochs": 3,
    "seed": 2
}